ID,Old Title,New Title,Modified Link,Original Link,Generation Time
1,《阿弃不弃》,她被亲娘唤作‘阿弃’，却用半生把‘弃’字刻成金印,https://xhs-3141.oss-cn-shanghai.aliyuncs.com/1aoz2c9s.txt,https://xhs-3141.oss-cn-shanghai.aliyuncs.com/1bhad4y3.txt,2026-03-12 10:49:26
2,《DNA骗局：总裁的契约娇妻》,闪婚第十天，婆婆发帖求助：儿媳和我年轻时一模一样，她是我失散的女儿？！,https://xhs-3141.oss-cn-shanghai.aliyuncs.com/2ai7n5jo.txt,https://xhs-3141.oss-cn-shanghai.aliyuncs.com/2bew9y0a.txt,2026-03-12 11:38:59
3,《一别如雨》,她撕碎录取通知书那晚，他跪在雨里说‘沈晚，我错了’,https://xhs-3141.oss-cn-shanghai.aliyuncs.com/3a54ntun.txt,https://xhs-3141.oss-cn-shanghai.aliyuncs.com/3bsfm4z9.txt,2026-03-12 11:50:22
4,《一场镜花水月》,他删我那天，我砸了他家；他跪雪里求复合时，我正和新男友共白头,https://xhs-3141.oss-cn-shanghai.aliyuncs.com/4a8vg5h5.txt,https://xhs-3141.oss-cn-shanghai.aliyuncs.com/4bs4ctkx.txt,2026-03-12 12:31:33
5,《一颗草莓的重量》,一颗草莓没吃到，我撕了结婚证飞去澳洲摘草莓,https://xhs-3141.oss-cn-shanghai.aliyuncs.com/5awzn1in.txt,https://xhs-3141.oss-cn-shanghai.aliyuncs.com/5bhxh78o.txt,2026-03-12 12:51:30
6,《七个继承人从天而降》,养了十八年，他亲生父母一来，我连夜接回七个继承人,https://xhs-3141.oss-cn-shanghai.aliyuncs.com/6am22pve.txt,https://xhs-3141.oss-cn-shanghai.aliyuncs.com/6bqopr24.txt,2026-03-12 13:17:31
7,《三界第一幼崽》,白发战神跪求我别走：猫妖娘子带崽跑路后，他掀了三界找我,https://xhs-3141.oss-cn-shanghai.aliyuncs.com/7asnhrps.txt,https://xhs-3141.oss-cn-shanghai.aliyuncs.com/7bbskop6.txt,2026-03-12 13:47:48
8,《不再为你停留》,他捏碎酒杯那晚，我牵着高岭之花的手走了,https://xhs-3141.oss-cn-shanghai.aliyuncs.com/8aran56q.txt,https://xhs-3141.oss-cn-shanghai.aliyuncs.com/8b9rxbq6.txt,2026-03-12 14:08:49
9,《不曾回头的灯塔》,他跪着求我回头那天，我正签百万年薪offer,https://xhs-3141.oss-cn-shanghai.aliyuncs.com/9an4tnkr.txt,https://xhs-3141.oss-cn-shanghai.aliyuncs.com/9bh5zy0q.txt,2026-03-12 14:24:07
10,《与君再世重逢》,错嫁后，他红着眼问我：你怎知当年我要娶的不是你？,https://xhs-3141.oss-cn-shanghai.aliyuncs.com/10acg0vgq.txt,https://xhs-3141.oss-cn-shanghai.aliyuncs.com/10bklf0ur.txt,2026-03-12 14:47:52
11,《与君别青州》,替嫁瘫夫那夜，我毒杀了主子,https://xhs-3141.oss-cn-shanghai.aliyuncs.com/11akk6jvh.txt,https://xhs-3141.oss-cn-shanghai.aliyuncs.com/11bpcd7dt.txt,2026-03-12 15:24:32
12,《与昨日重逢》,《十年后我打来电话：别嫁他，否则你会亲手撕碎婚纱照》,https://xhs-3141.oss-cn-shanghai.aliyuncs.com/12alw4ha4.txt,https://xhs-3141.oss-cn-shanghai.aliyuncs.com/12bep3p9r.txt,2026-03-12 15:43:11
13,《世子妃的宫斗笔记》,我靠妾室手段在宫里当顶流！世子跪求我别教了,https://xhs-3141.oss-cn-shanghai.aliyuncs.com/13a3snwq8.txt,https://xhs-3141.oss-cn-shanghai.aliyuncs.com/13b9k3akm.txt,2026-03-12 16:05:24
14,《东宫旧事：宠妾难为》,他跪在雪里求我别走，而我亲手把婚书烧成了灰,https://xhs-3141.oss-cn-shanghai.aliyuncs.com/14aleqb6o.txt,https://xhs-3141.oss-cn-shanghai.aliyuncs.com/14bbzi6e9.txt,2026-03-12 16:34:10
15,《东宫秘闻：哑妃会读心》,哑女登基前夜，我亲手捅死了说爱我的男人,https://xhs-3141.oss-cn-shanghai.aliyuncs.com/15art6sfi.txt,https://xhs-3141.oss-cn-shanghai.aliyuncs.com/15brmmtat.txt,2026-03-12 17:01:22
16,《丫头，爸卖房供你》,《被甩当天，我开着法拉利碾碎他高富帅人设》,https://xhs-3141.oss-cn-shanghai.aliyuncs.com/16a407v4x.txt,https://xhs-3141.oss-cn-shanghai.aliyuncs.com/16b0pg6na.txt,2026-03-12 17:33:53
17,《为你千千万万遍》,他推开我救白月光那夜，我撕了嫁衣回现代,https://xhs-3141.oss-cn-shanghai.aliyuncs.com/17axzbg7g.txt,https://xhs-3141.oss-cn-shanghai.aliyuncs.com/17bvmrv23.txt,2026-03-12 18:20:59
18,《予你专属温柔》,他躲我一年，我转身嫁了他最怕的男人,https://xhs-3141.oss-cn-shanghai.aliyuncs.com/18abhpf40.txt,https://xhs-3141.oss-cn-shanghai.aliyuncs.com/18bnzavp9.txt,2026-03-12 18:56:25
19,《予你半生暖》,重生回被领养那天，我推倒真千金后，疯批哥哥跪着求我别走,https://xhs-3141.oss-cn-shanghai.aliyuncs.com/19a1o8e28.txt,https://xhs-3141.oss-cn-shanghai.aliyuncs.com/19b4yk6bk.txt,2026-03-12 19:22:38
20,《二十一万八千》,我用21万8千，亲手埋葬了我的凤凰男,https://xhs-3141.oss-cn-shanghai.aliyuncs.com/20a5z4pii.txt,https://xhs-3141.oss-cn-shanghai.aliyuncs.com/20b2c18i0.txt,2026-03-12 19:44:07
21,《云养千金》,她逃婚那晚，我砸了三千万买下整条街的烟花,https://xhs-3141.oss-cn-shanghai.aliyuncs.com/21aaa8wgt.txt,https://xhs-3141.oss-cn-shanghai.aliyuncs.com/21bahr17s.txt,2026-03-12 20:17:19
22,《互怼成瘾：反派养兄他不对劲》,嘴毒十年，反派哥哥跪着求我别嫁人！,https://xhs-3141.oss-cn-shanghai.aliyuncs.com/22a1hfum5.txt,https://xhs-3141.oss-cn-shanghai.aliyuncs.com/22bra9i7q.txt,2026-03-12 20:45:02
23,《五世轮回终见你》,他跪在血泊里求我：下一世，来攻略我,https://xhs-3141.oss-cn-shanghai.aliyuncs.com/23a3hcw4b.txt,https://xhs-3141.oss-cn-shanghai.aliyuncs.com/23b433lrn.txt,2026-03-12 21:10:17
24,《亡妻的复仇：孕妻囚笼》,她抱着亡妻睡了30天，小三挺孕肚骂上广场那天，我撬开了他家冰箱,https://xhs-3141.oss-cn-shanghai.aliyuncs.com/24ao1y0du.txt,https://xhs-3141.oss-cn-shanghai.aliyuncs.com/24bqraoov.txt,2026-03-12 21:29:43
25,《京华烟云：和离后的星辰大海》,他为白月光弃我如泥，我转身嫁了他皇兄,https://xhs-3141.oss-cn-shanghai.aliyuncs.com/25abtb2uy.txt,https://xhs-3141.oss-cn-shanghai.aliyuncs.com/25b70aeh6.txt,2026-03-12 22:05:31
26,《京圈太子爷的小娇雀》,金丝雀上位失败？不，是京圈太子爷跪着求我转正！,https://xhs-3141.oss-cn-shanghai.aliyuncs.com/26ajoa5ul.txt,https://xhs-3141.oss-cn-shanghai.aliyuncs.com/26bbh1qzl.txt,2026-03-12 22:23:18
27,《从此山河映霜刃》,《我拉侯爷挡箭那晚，他心尖人哭湿了三块帕子》,https://xhs-3141.oss-cn-shanghai.aliyuncs.com/27auqrmy1.txt,https://xhs-3141.oss-cn-shanghai.aliyuncs.com/27bj4x1wj.txt,2026-03-12 22:58:00
28,《从此花开无忧》,被当成赌局筹码后，我把自己活成了高光女主,https://xhs-3141.oss-cn-shanghai.aliyuncs.com/28a0miptp.txt,https://xhs-3141.oss-cn-shanghai.aliyuncs.com/28bgkxuj5.txt,2026-03-12 23:28:29
29,《仙尊的小娇花》,他用百年孤寂换我一世天真，可我偏要撕碎这温柔牢笼！,https://xhs-3141.oss-cn-shanghai.aliyuncs.com/29airpgwc.txt,https://xhs-3141.oss-cn-shanghai.aliyuncs.com/29bxyx44q.txt,2026-03-12 23:43:54
30,《仙途无我，人间独行》,他飞升带走了白月光和儿子，我转身悟道成仙时，他跪在我渡口求复合,https://xhs-3141.oss-cn-shanghai.aliyuncs.com/30aoej1il.txt,https://xhs-3141.oss-cn-shanghai.aliyuncs.com/30bf7c8h7.txt,2026-03-13 00:04:30
31,《仙门第一厨》,她靠一碗饭登基称帝，前未婚夫跪求塑金身时，我正给全城发肉包！,https://xhs-3141.oss-cn-shanghai.aliyuncs.com/31aourke8.txt,https://xhs-3141.oss-cn-shanghai.aliyuncs.com/31b7uqbpr.txt,2026-03-13 00:31:37
32,《以你之名，爱你之人》,我偷了她的名字、父母和人生，却在她回来那天，亲手把她送向光里,https://xhs-3141.oss-cn-shanghai.aliyuncs.com/32abxcbh6.txt,https://xhs-3141.oss-cn-shanghai.aliyuncs.com/32bruyuqw.txt,2026-03-13 00:47:33
33,《以爱为名的狩猎》,她卖房救他，他跪着求她再骗一次,https://xhs-3141.oss-cn-shanghai.aliyuncs.com/33ag9bwnr.txt,https://xhs-3141.oss-cn-shanghai.aliyuncs.com/33bbolj03.txt,2026-03-13 01:09:48
